"vid","date","feed KG","Feed Type"
"G150","09/30/2024",19.76,"silage"
"V472","2024-11-18",NA,"Corn"
"M1583","2024-12-28",17.43,"silage "
"Z7830","2024-02-21",23.31,"Corn"
"V3948","2024-07-09",22.34,"corn"
"U1955","06-13-2024",15.79,"silage"
"L4232","12/31/2024",17.36,"Hay"
"G8171","01/18/2024",19.48,"corn"
"Z7830","17 Jun 2024",17.34,"Corn"
"I5026","2024-11-16",15.03,"silge"
"G2757","2024-10-21",18.09,"corn"
"U8535","09/27/2024",19.13,"silge"
"E3229","25 Jun 2024",15.74,"hay"
"V9643","12-18-2024",19.63,"Hay"
"S6386","2024-12-23",16.79,"Silage"
"V3979","2024-11-11",14.34,"corn silage"
"U1955","2024-12-11",17.77," hay "
"E3229","01/18/2024",17.37,"silge"
"M2207","04 Feb 2024",24.52,"Silage"
"E9760","07-16-2024",18.51,"corn"
"G8171","02/23/2024",21.25,"Hay"
"D8719","06/19/2024",18.8,"silage "
"E5966","09-08-2024",18.28,"hay"
"U6809","13 Mar 2024",NA,"silage"
"V3979","10/04/2024",15.51," silage"
"E3229","2024-01-20",21.4,"Hay"
"W8010","2024-06-23",24.73,"silage"
"Q3500","2024-04-23",20.97,"Hay"
"G685","06/17/2024",21.23,"corn silage"
"D9038","29 Jan 2024",19.97," silage"
"O194","09/23/2024",22.88,"silge"
"A7863","2024-01-20",21.29,"hay"
"V3979","2024-08-23",14.92," hay "
"A7863","2024-06-27",14.47," hay "
"D9038","10 Dec 2024",19.43,"corn silage"
"I8517","25 Sep 2024",16.91,"corn"
"O8173","03-16-2024",21.77,"silge"
"G2757","2024-11-18",18.68,"Corn"
"V9643","04/01/2024",22.99,"silge"
"D8719","23 Sep 2024",25.03,"hay"
"T4649","01-19-2024",24.95,"silage "
"Y3782","2024-01-11",19.41,"silge"
"I5026","03/03/2024",17.59,"hay"
"I8517","2024-12-21",19.59,"Corn"
"H2377","06-03-2024",15.85,"silage "
"V472","2024-09-14",23.76,"Hay"
"W8010","09-08-2024",14.39," silage"
"B984","08-18-2024",16.37,"corn silage"
"O194","08/15/2024",21.74," silage"
"S9300","11/06/2024",21.03,"corn"
"R3357","17 Feb 2024",NA,"silge"
"V9643","09/11/2024",17.16,"silge"
"I7447","06/04/2024",15.17,"hay"
"G150","2024-10-11",23,"Hay"
"L4232","2024-07-14",NA,"hay"
"O8173","2024-06-17",26.72,"silage "
"C7126","04-21-2024",16.78," silage"
"Y3782","04-04-2024",14.49,"Corn"
"G2757","09-07-2024",22.43,"Silage"
"I5026","04-16-2024",24.89,"Silage"
"R4684","2024-05-16",19.49,"corn"
"Z4043","2024-12-04",22.58," silage"
"U6809","06/04/2024",18.68,"silage"
"I5026","27 Sep 2024",23.26,"corn silage"
"J6910","02-29-2024",21.12,"Hay"
"J7734","07/21/2024",21.51,"corn silage"
"K4714","08-08-2024",16.06," silage"
"V4575","2024-01-17",17.89,"Silage"
"G150","10 Feb 2024",18.29,"silge"
"K4714","01-25-2024",19.24," hay "
"F2131","08-26-2024",15.8," hay "
"Z7830","27 Nov 2024",21.89,"corn"
"Q711","01 Oct 2024",17.27," hay "
"V3948","2024-02-21",20.87,"corn"
"G685","07/17/2024",15.16,"corn"
"V472","2024-09-23",17.26,"corn"
"G1028","2024-05-22",26.28,"corn"
"K9325","19 Jul 2024",NA,"silage "
"M1583","2024-12-09",NA,"silge"
"Q3500","2024-12-04",16.58,"Hay"
"L4232","2024-05-18",17.94," hay "
"Q3500","02/02/2024",17.06,"silge"
"D8719","14 Apr 2024",21.38,"silage"
"Y4092","10-05-2024",NA,"silage"
"Y7815","09/04/2024",24.71,"corn silage"
"P6677","01/17/2024",20.51,"Silage"
"Y4092","2024-05-17",18.77,"silage"
"Y4775","01-18-2024",24.25,"silage"
"J6910","11 Apr 2024",23.65,"silage "
"V472","12-10-2024",19.42," silage"
"J6077","11 Mar 2024",25.37,"hay"
"V3979","12/24/2024",21.41,"silage"
"V472","20 Mar 2024",17.65,"hay"
"G685","05-10-2024",17.04," silage"
"S6386","14 Aug 2024",17.87,"hay"
"U6809","2024-01-21",21.33,"Hay"
"V3979","08/25/2024",18.7,"corn silage"
"D9038","13 Nov 2024",18.51," silage"
"U1955","10 Jun 2024",16.52,"Hay"
"J9639","01-28-2024",24.29,"corn silage"
"P3832","2024-06-02",20.01,"corn"
"S9300","08 May 2024",22.96,"corn silage"
"J6077","30 Mar 2024",17.9," hay "
"U6809","03 Oct 2024",16.73,"hay"
"H2377","12-23-2024",16.04,"silage "
"Y6643","04/30/2024",21.38,"silge"
"B3068","11 Jun 2024",NA,"corn"
"M2207","2024-04-03",17.77,"silage "
"I7447","2024-01-12",22.3,"silge"
"Y4775","05 Sep 2024",20.08,"corn"
"E3229","2024-05-20",17.34,"silge"
"Q711","11-01-2024",14.7,"silage"
"E6182","02-02-2024",22.79,"hay"
"M4054","31 May 2024",13.57,"silage "
"F9953","01/09/2024",15.94,"Silage"
"I7447","2024-06-07",22.93,"silge"
"V7756","2024-12-17",23.15,"corn"
"O6552","2024-07-12",18.76,"Silage"
"J7734","10/13/2024",21.07,"corn silage"
"K4714","02-29-2024",18.52,"Silage"
"S9300","03/31/2024",22.11,"silage "
"Y4775","08 Apr 2024",21.47,"silge"
"B3068","08-12-2024",23.96,"silge"
"E6182","07/20/2024",22.18," silage"
"C4705","2024-06-19",20.17,"Hay"
"V3948","05/26/2024",17.55,"corn silage"
"M2207","26 Aug 2024",20.32,"Corn"
"R4684","06/15/2024",18.71,"Hay"
"Z4043","2024-04-05",19.42," silage"
"H985","08-27-2024",20.96,"hay"
"U1955","01 Nov 2024",20.81,"Hay"
"I2506","05-11-2024",14.87,"Silage"
"N9692","2024-06-27",20.97,"Hay"
"Y6643","06/11/2024",19.22,"Corn"
"K9325","10/16/2024",19.07,"hay"
"Y4092","03/17/2024",12.66," hay "
"H9517","11-05-2024",15.66,"Hay"
"M4054","08/17/2024",20.65,"Hay"
"Y4092","11/18/2024",21.7,"corn silage"
"P3832","12-10-2024",21.35,"Hay"
"V9643","07/31/2024",20.54,"Hay"
"U5357","04 Nov 2024",18.82," silage"
"U6809","05/12/2024",20.24,"silge"
"M2207","09/17/2024",20.08,"hay"
"F5883","12-15-2024",20.72,"Corn"
"Z7830","03-11-2024",20.97," silage"
"S9300","12-31-2024",20.51," silage"
"L9829","24 May 2024",24.22," silage"
"J7734","2024-09-12",23.03," hay "
"J7734","2024-04-07",20.77,"corn"
"T5602","2024-01-17",22,"Corn"
"V9643","07-07-2024",12.23," silage"
"E3229","09-23-2024",19.27,"silge"
"V3979","26 Sep 2024",16.68," silage"
"V3979","2024-12-25",23.84," silage"
"O7477","09 Jun 2024",20.05,"silge"
"Z3123","06/10/2024",17.98,"Corn"
"Q3500","05/17/2024",21.25,"hay"
"J6077","2024-08-13",25.45,"hay"
"T4649","07 Feb 2024",18.29,"silage"
"Y4775","07/23/2024",18.77,"hay"
"G685","2024-09-24",NA," silage"
"S6386","2024-10-17",18.28," silage"
"L9829","13 Apr 2024",22.71,"Hay"
"U8535","05 Jul 2024",17.76,"silge"
"Q9174","02-02-2024",19.76," silage"
"T5602","08/25/2024",16.83,"silage "
"A7863","04/27/2024",20.82,"silage"
"Y4775","23 Sep 2024",19.41," silage"
"M4054","2024-11-23",16.15," silage"
"N9692","03/21/2024",18.07,"silge"
"I5026","09/16/2024",17.09,"silge"
"R4684","16 Mar 2024",16.12," hay "
"S6386","2024-10-29",17.41,"silage"
"V3979","02 Jul 2024",13.51,"Hay"
"I5026","2024-01-14",24.1,"hay"
"U6809","20 Feb 2024",18.51,"corn silage"
"J6077","2024-06-03",20.47,"Hay"
"U8535","03/15/2024",NA,"corn silage"
"R5369","08/23/2024",20.9," hay "
"G685","10-01-2024",20.07,"corn"
"Z7830","2024-10-03",22.26,"hay"
"R3357","18 Feb 2024",23.2,"corn"
"O6552","09-18-2024",17.99," hay "
"O7477","11/20/2024",15.5,"Hay"
"Q9174","08-28-2024",20.73,"silge"
"S6386","08-03-2024",19.64,"hay"
"D9038","10 Sep 2024",17.58,"corn silage"
"V3979","23 May 2024",20.27,"silage "
"O194","2024-12-28",22.78,"silage"
"S6386","08-16-2024",20.16,"silge"
"W8010","29 Nov 2024",16.33," silage"
"R3357","2024-05-06",20.95,"silge"
"G150","07-08-2024",16.56,"Corn"
"Y7815","03-09-2024",20.82,"silage "
"F2131","04-29-2024",20.61,"corn"
"G1028","01-30-2024",24.54,"Corn"
"U8535","2024-11-13",19.43,"Corn"
"C4705","2024-04-25",22.2,"silge"
"J6910","08 Mar 2024",22.66,"Hay"
"L9829","08 Mar 2024",19.37,"corn silage"
"H9517","04/05/2024",15.59," hay "
"C7126","04/01/2024",19.89,"silge"
"Q3500","06/28/2024",NA,"corn silage"
"J9639","10 Mar 2024",21.17," hay "
"I5026","24 Oct 2024",20.52,"hay"
"K9325","10/02/2024",19.36,"corn silage"
"Y6643","09/07/2024",23.27,"Corn"
"F5883","03/15/2024",19.91,"corn"
"Y9266","10/22/2024",19.73,"Hay"
"U1955","2024-08-16",21.37,"corn silage"
"G150","11 Aug 2024",21.18,"silage"
"R3357","02-27-2024",25.28,"corn silage"
"Q711","03/23/2024",23.88,"corn silage"
"Z3123","2024-10-25",22.95,"silage "
"E6182","2024-09-13",20.79,"silage"
"Y7815","10 Jun 2024",18.1," silage"
"F5883","2024-03-16",16.74," silage"
"T4649","03/07/2024",17.2,"corn silage"
"A7863","30 Oct 2024",17.41," hay "
"A7863","01-20-2024",21.51,"hay"
"T4649","12 Sep 2024",18.31,"silage"
"Q711","30 Mar 2024",NA,"silage"
"Y7815","11 May 2024",23.96,"corn silage"
"S5427","04 Jan 2024",20.82,"Hay"
"H985","05 Aug 2024",20.03,"silage "
"S5427","04 Aug 2024",17.66,"corn silage"
"Y3782","09/09/2024",17.9,"silage"
"J6077","03-21-2024",17.72,"corn"
"H985","2024-07-31",19.49," silage"
"V3948","02-05-2024",18.03,"corn silage"
"S5427","05/24/2024",20.47,"Hay"
"G1028","05 Sep 2024",23.28,"silge"
"T4649","02/28/2024",20.9,"Silage"
"D8719","2024-03-09",18.32,"silage "
"Y3782","08-08-2024",16.77,"silage "
"U1955","16 May 2024",20.6," silage"
"Z3123","10-13-2024",20.25,"Corn"
"P3832","07-16-2024",17.22,"corn silage"
"I8517","10-23-2024",21.16,"Hay"
"F2131","04 Feb 2024",21.98,"Hay"
"S6097","03-13-2024",19.17,"hay"
"M2207","2024-10-31",20.94,"corn"
"J6910","09/07/2024",17.94,"Silage"
"V3948","03-22-2024",26.8,"silage "
"E6182","11-28-2024",14.92,"Silage"
"H9517","12/29/2024",21.76,"silge"
"G685","2024-06-23",20.2,"corn silage"
"V3948","04-02-2024",15.79,"silage "
"E3229","08/21/2024",18.97,"corn"
"Z3123","2024-11-04",17.86,"hay"
"I7447","28 Sep 2024",18.51,"Corn"
"G150","05-22-2024",17.99,"silge"
"R5369","12-12-2024",19.01," silage"
"M2207","05-29-2024",20.51," hay "
"Z4043","2024-05-15",17.06,"Corn"
"U5357","16 Nov 2024",20.96,"corn silage"
"W8010","2024-08-01",17.26," silage"
"G8171","07/16/2024",23.96," silage"
"I7447","2024-09-17",19.57,"silge"
"G1028","01/09/2024",17.09,"silage "
"L9829","10-13-2024",19.21,"Hay"
"V4575","07 Mar 2024",22.21,"silage "
"H2377","2024-02-01",21," silage"
"D8719","2024-11-04",18.97,"silge"
"J6910","01-23-2024",25.12,"Silage"
"K4714","2024-03-22",20.92," hay "
"L4232","11/09/2024",19.3," silage"
"B984","2024-04-24",18.28,"corn"
"V3948","2024-10-07",23.56," hay "
"U1955","20 Oct 2024",21.64,"Corn"
"J7734","30 Jan 2024",15.43,"Silage"
"U1955","14 Jun 2024",23.09,"Hay"
"S6386","05-11-2024",22.37,"Silage"
"Y3782","07-27-2024",NA,"silage"
"C4705","10 Mar 2024",15.52,"hay"
"C4705","06/02/2024",19.32,"corn"
"W8010","08 Feb 2024",19.08,"silage "
"K9325","12/17/2024",20.53,"Hay"
"I7447","05/05/2024",13.32,"silage"
"Q3500","08/18/2024",22.92,"silage"
"T4649","11-26-2024",15.3,"corn silage"
"N9692","2024-05-28",NA,"hay"
"S5427","18 Dec 2024",16.74,"Hay"
"I1385","04-24-2024",18.54,"silge"
"M4054","2024-11-23",17.35," silage"
"Y3782","17 Jan 2024",20.56," silage"
"G150","12/15/2024",19.51,"Silage"
"K4714","11/29/2024",19.74,"Silage"
"Z4043","05-14-2024",21.91,"silage "
"Q3500","2024-07-13",22.99,"silge"
"S9300","03 Aug 2024",23.26,"corn"
"G2757","07-25-2024",21.43," silage"
"M2207","10-06-2024",19.26,"corn silage"
"L4232","2024-03-27",17.36,"Corn"
"L9829","02/15/2024",NA,"silage "
"S6097","2024-01-27",23.94,"silage"
"N7280","2024-02-18",20.3,"corn silage"
"H985","05-15-2024",25.75,"silge"
"V4575","2024-08-12",22.32," hay "
"A7863","2024-12-07",21.82," silage"
"N7280","04/07/2024",NA,"silage"
"H9517","2024-03-17",22.71,"silage "
"L4232","29 Jul 2024",23.02,"Corn"
"D8719","04/04/2024",13.69,"corn silage"
"B984","01-20-2024",19.83,"silage"
"M1583","06/05/2024",19.57,"silage"
"R3357","07-02-2024",21.34,"Silage"
"S6097","02 Sep 2024",25.81,"Silage"
"E5966","05/16/2024",25.79,"Corn"
"I1385","2024-07-26",NA," hay "
"I2506","07/31/2024",21.14,"silge"
"N9197","08-12-2024",27.93,"Corn"
"L9829","11 Sep 2024",NA,"corn"
"E6182","18 Feb 2024",16.07,"corn"
"B3068","02-11-2024",NA,"silge"
"F5883","05/18/2024",19.96,"Silage"
"T5602","05 Mar 2024",23,"hay"
"U1955","12/19/2024",18.23,"corn silage"
"J6077","21 Jul 2024",21.63,"Silage"
"Y9266","22 Apr 2024",15.99,"silage"
"I2506","2024-11-13",20.88,"Hay"
"E3229","08/29/2024",19.19,"Corn"
"A7863","08-10-2024",23.93,"silage "
"N9692","2024-01-14",NA,"Silage"
"K9325","08-19-2024",20.45,"Silage"
"J9639","2024-12-09",20.94,"corn silage"
"Q9174","06 Feb 2024",19.84,"Silage"
"L4232","12-26-2024",22.87," silage"
"P3832","02 Apr 2024",20.58," hay "
"Q3500","2024-05-17",18.36,"hay"
"S6386","2024-02-18",20.92,"Silage"
"R5369","2024-02-21",17.83,"silage"
"N9692","29 May 2024",17.15,"silage"
"R3357","06-20-2024",NA," hay "
"D8719","11 Sep 2024",21.83,"Corn"
"F9953","09/23/2024",21.33,"Silage"
"D9038","30 Sep 2024",18.93,"silage"
"V7756","05/06/2024",25.26,"silage "
"N7280","05/19/2024",17.45," silage"
"V3948","07/17/2024",19.89,"Corn"
"J7734","22 Jun 2024",18.67,"silage "
"R3357","03 Dec 2024",21.44,"silge"
"M2207","07-09-2024",19.77,"Silage"
"Y6643","10/31/2024",19.99,"corn silage"
"E6182","11-21-2024",21.47,"Corn"
"T5602","2024-01-30",16.36,"corn silage"
"I5026","2024-07-16",19.41,"Hay"
"I8517","2024-10-18",25.13,"hay"
"I5026","29 Jun 2024",17.72,"Silage"
"C7126","05 Jun 2024",22.92,"silage "
"V472","10-19-2024",16.9,"Silage"
"R4684","2024-07-07",22.31,"corn"
"Z4043","2024-12-31",20.9,"hay"
"J6077","30 Jun 2024",21.27,"Corn"
"I7447","01 Jul 2024",20.02,"silge"
"B984","15 Feb 2024",22.22,"hay"
"O194","02-20-2024",24.68,"silage "
"T4649","01 Feb 2024",18.75,"silage "
"G1028","06-10-2024",18.74,"Corn"
"Y4092","07-25-2024",22.09," silage"
"Y4775","22 Sep 2024",19.37," silage"
"B984","2024-11-20",24.62,"Hay"
"V472","17 Sep 2024",20.85,"silage "
"S9300","07/01/2024",20.97,"hay"
"I1385","2024-08-28",16.79,"silge"
"V9643","05-01-2024",24.28," silage"
"G150","04-23-2024",23.6," hay "
"G1028","05/09/2024",14.97,"silage "
"E6182","11 Sep 2024",25.49," hay "
"O194","13 Nov 2024",18.39," silage"
"P6677","05-18-2024",17.49," silage"
"S6097","11/15/2024",17.72," hay "
"E3229","2024-04-10",16.03,"silge"
"N9692","03/21/2024",22.37,"silage"
"G8171","25 Aug 2024",15.87,"Corn"
"K4714","08 Apr 2024",16.79,"Silage"
"Z3123","07-03-2024",17.04,"hay"
"Q3500","12/15/2024",21.61,"silage "
"Y6643","10-13-2024",18.66,"silage "
"Z3123","02-20-2024",19.99," silage"
"O8173","13 Aug 2024",18.13,"silage"
"U8535","01/17/2024",21.38," hay "
"I8517","04/24/2024",18.27,"Corn"
"T4649","11-24-2024",25.06," hay "
"Y4092","11-13-2024",NA,"Corn"
"E9760","2024-05-01",18.23,"corn"
"P3832","07-05-2024",24.15,"Corn"
"Y9266","04 Jul 2024",20.1,"Hay"
"S5427","26 Mar 2024",16.99,"silage"
"V9643","2024-02-01",17.13,"hay"
"B3068","2024-04-11",21.47,"corn"
"H2377","04-13-2024",16.46,"silge"
"U8535","03 May 2024",24.67," silage"
"Q711","08 May 2024",17.29,"silge"
"V9643","2024-03-11",15.49," silage"
"I2506","2024-12-12",15.31,"corn silage"
"Q3500","11 Mar 2024",17.02," silage"
"G1028","02-05-2024",21.67,"silge"
"Y6643","2024-11-20",14.2,"silge"
"R3357","03/15/2024",18.54,"silage "
"J7734","10/09/2024",19.79," silage"
"R3357","02-11-2024",15.74,"Corn"
"N7280","03/15/2024",NA," hay "
"U6809","02/02/2024",12.13,"corn silage"
"H985","2024-04-15",14.97,"hay"
"K3463","02-01-2024",24.63,"silge"
"G2757","09-05-2024",25.04," hay "
"B3068","08 Dec 2024",23.13," silage"
"B984","03-25-2024",27.62,"silage"
"C4705","10/26/2024",18.31,"hay"
"S5427","07-08-2024",25.23,"Corn"
"P6677","04/05/2024",16.58,"silge"
"T4649","09 Feb 2024",22.73,"Corn"
"P6677","2024-03-19",14.92,"corn silage"
"T5602","08-11-2024",21.61,"Silage"
"I2506","2024-07-17",13.56," silage"
"H985","09-26-2024",15.04,"Hay"
"V3979","27 Dec 2024",16.48,"Silage"
"Z3123","2024-10-30",17.78,"Silage"
"I8517","03-29-2024",NA,"hay"
"M2207","09-15-2024",19.43,"corn"
"G685","10/05/2024",24," silage"
"O8173","2024-03-15",24.46," hay "
"C7126","2024-11-12",22.58,"Hay"
"Y4775","05-02-2024",18.77,"hay"
"Q9174","2024-12-16",20.03,"Hay"
"O7477","11-13-2024",19.57,"Hay"
"B3068","13 Jul 2024",23,"hay"
"F9953","2024-09-11",19.78,"Hay"
"M1583","2024-07-06",17.74,"Hay"
"L4232","2024-12-12",21.66,"corn"
"E6182","2024-02-18",13.47,"silage"
"N9197","12-10-2024",20.28,"silage"
"L9829","10 Oct 2024",17.94,"hay"
"O8173","2024-07-23",18.95,"corn"
"H9517","10-26-2024",21.8,"silge"
"F2131","20 Aug 2024",20.7,"silage "
"J7734","11-02-2024",21.87,"corn silage"
"O7477","2024-01-31",20.08,"corn"
"C4705","17 Aug 2024",17.48,"corn silage"
"E9760","11/28/2024",16.95,"corn silage"
"I5026","15 Mar 2024",19.86,"corn"
"Q711","2024-07-03",26.07,"silage"
"J7734","2024-02-15",14.91,"corn"
"Z3123","11-02-2024",20.51," silage"
"Z4043","02-29-2024",18.43,"Corn"
"S6097","11-13-2024",17.8," hay "
"F9953","06 Nov 2024",21.67,"Silage"
"L9829","23 Apr 2024",19.28,"silage"
"F2131","2024-10-04",24.1,"silage "
"A7863","09-01-2024",17.66,"corn"
"G150","01-12-2024",14.77,"silage"
"Y4092","02-13-2024",16.37," hay "
"V9643","21 Dec 2024",16.34,"corn"
"J6077","2024-11-12",22.19,"Corn"
"O194","08/07/2024",20.35," silage"
"K4714","06-25-2024",21.82,"silge"
"G685","06-20-2024",20.77,"Hay"
"Y7815","2024-11-17",22.82,"hay"
"I2506","13 Jun 2024",23.57,"corn"
"U8535","2024-10-01",22.86,"silage"
"G8171","2024-03-17",18.72,"corn"
"G685","2024-04-12",17.38,"corn"
"F5883","2024-04-03",21.62,"silage"
"K9325","02/25/2024",22.78," silage"
"V472","2024-05-23",17.1,"silage "
"M2207","04-17-2024",22.48," hay "
"V3948","11 Apr 2024",17.92,"Corn"
"I7447","02/25/2024",19.23,"silage"
"L9829","2024-01-26",18.47,"silage "
"I8517","06-21-2024",18.77,"hay"
"N7280","10-20-2024",12.03,"corn silage"
"A7863","2024-01-10",20.76,"corn silage"
"T5602","10 Jan 2024",NA,"Corn"
"W8010","02-07-2024",NA,"silage "
"K9325","08/06/2024",NA," hay "
"O6552","11-02-2024",19.63,"corn silage"
"S6097","08/02/2024",19.13,"Silage"
"H9517","11/05/2024",22.83," silage"
"E9760","12-06-2024",22.13,"Hay"
"V4575","2024-11-17",21.5,"corn silage"
"V9643","02 Aug 2024",13.8,"corn"
"W8010","26 May 2024",20.94,"silge"
"K9325","11/28/2024",14.18,"corn silage"
"U8535","02 Feb 2024",27.13,"hay"
"R5369","10/20/2024",NA,"corn"
"R4684","03/04/2024",16.32,"Corn"
"V3948","2024-06-13",20,"silage "
"J7734","17 Jul 2024",20.54,"Corn"
"S5427","01-26-2024",23.18,"corn"
"K3463","23 Jun 2024",23.5,"corn"
"R5369","08-16-2024",8.52," silage"
"V3979","10-19-2024",22.92,"silage"
"M4054","02/01/2024",14.38," hay "
"Q9174","05-02-2024",22.09,"corn"
"C4705","02/14/2024",15.34,"Silage"
"E9760","10/22/2024",19.35,"silage"
"S6097","2024-08-30",20.6," silage"
"V3979","18 Dec 2024",26.73,"Silage"
"F5883","2024-02-05",18.21,"silge"
"D8719","02 Jul 2024",27.13,"silge"
"I5026","02/19/2024",15.73,"silage"
"Y3782","2024-03-08",18.75,"Corn"
"T5602","2024-02-09",17.98,"Corn"
"W8010","2024-10-10",17.18,"corn silage"
"V4575","2024-12-06",21.5,"hay"
"K9325","11/05/2024",21.49,"hay"
"Q711","02-24-2024",13.12,"corn silage"
"E5966","04/30/2024",17.11,"silage"
"H985","12 Jun 2024",14.94,"silage "
"I7447","28 Oct 2024",23.66,"silage "
"J6910","16 Dec 2024",22.58,"silge"
"R3357","01-12-2024",21.49,"silge"
"Q711","2024-01-11",25.69,"Silage"
"C7126","2024-08-03",20.14,"corn"
"Q3500","01/30/2024",20.97," hay "
"E6182","2024-09-10",16.71,"Hay"
"K9325","08-03-2024",26.36,"hay"
"A7863","29 Sep 2024",NA,"corn"
"V3948","14 Mar 2024",18.24," hay "
"A7863","05 Nov 2024",18.55,"silge"
"Z7830","03-10-2024",26.69,"Hay"
"N7280","07/20/2024",16.84,"Hay"
"R3357","2024-07-29",21.4,"Hay"
"E3229","04/11/2024",19.42,"silage "
"L9829","09-07-2024",22.9,"silage "
"Y4092","06-17-2024",22.6,"corn"
"F2131","01 Apr 2024",16.77,"Corn"
"I1385","03 May 2024",12.81,"corn silage"
"O6552","02/17/2024",25.54,"corn"
"R4684","2024-08-24",26.43,"Silage"
"V7756","11/24/2024",18.05,"silage"
"B3068","2024-09-11",24.88,"silage"
"J9639","09-19-2024",21.88,"corn silage"
"I1385","27 Jun 2024",19.31,"silage"
"J6910","12-03-2024",22.18," silage"
"L9829","09 Dec 2024",19.99,"corn silage"
"G2757","23 Nov 2024",22.05,"hay"
"Z3123","2024-07-10",20.8," silage"
"G685","11 Nov 2024",21.33,"Hay"
"W8010","01/16/2024",19.52,"silage "
"T4649","02-16-2024",NA,"Silage"
"H985","2024-03-01",24.3,"silge"
"G2757","11-13-2024",22.28," hay "
"F2131","01 Jun 2024",21.37,"Hay"
"D8719","07/26/2024",20.74,"silage"
"S5427","2024-11-20",19.96,"silge"
"Y9266","05 Oct 2024",15.56,"hay"
"C7126","2024-03-07",17.36,"Silage"
"V9643","10 Mar 2024",23,"silage"
"K3463","01-11-2024",20.63,"silge"
"B3068","2024-08-22",18.47,"Corn"
"N9692","2024-08-12",21.96," silage"
"V472","07/08/2024",16.97,"hay"
"V472","23 Nov 2024",20.61," hay "
"U8535","03-11-2024",17.5,"corn silage"
"F9953","19 Mar 2024",18.12,"corn silage"
"E5966","04/08/2024",21.53," hay "
"V472","07 Jan 2024",18.2,"hay"
"R4684","09-12-2024",19.72,"Hay"
"Z3123","01/13/2024",20.94,"Silage"
"M2207","2024-12-05",16.62,"Hay"
"N9197","2024-07-19",27.14,"corn silage"
"V3979","01 Sep 2024",23.14,"corn silage"
"V7756","2024-09-05",20.89," silage"
"A7863","12-24-2024",14.64,"silage "
"J6077","08-07-2024",23.01,"corn silage"
"V7756","03-13-2024",23.73," hay "
"V3948","11 Aug 2024",21.54,"Silage"
"N9692","05 Sep 2024",21.42,"Corn"
"Q3500","09/03/2024",18.45," hay "
"J9639","2024-07-29",15.02,"silage "
"U6809","02-03-2024",20.67,"silage"
"N9692","07 Jul 2024",25.42," silage"
"Q3500","02 Jul 2024",20.57,"silage "
"V472","11-27-2024",16.51,"corn"
"O194","11/25/2024",29.05,"silage "
"G150","2024-01-16",18.84,"silage "
"Q3500","04-07-2024",21.69,"corn"
"F5883","14 Mar 2024",22.66,"Hay"
"I2506","08/30/2024",18.93,"corn silage"
"J6077","2024-07-12",20.75,"Corn"
"J6910","2024-05-28",18.89,"silage"
"T5602","15 May 2024",20.12," silage"
"F2131","2024-10-15",23.65,"corn silage"
"V9643","2024-12-18",22.88,"Hay"
"U5357","07/25/2024",18.69," silage"
"U1955","12-09-2024",24.32,"silage "
"U6809","01-16-2024",22.45,"silge"
"I7447","09-16-2024",14.73,"silge"
"V3979","2024-06-15",19.86," hay "
"I8517","07 Apr 2024",24.48," silage"
"Y7815","12/13/2024",NA,"hay"
"L9829","2024-07-29",18.4,"Silage"
"Q3500","05-30-2024",22.86," silage"
"Q3500","05-26-2024",21.41,"Silage"
"S5427","22 Nov 2024",17.31," silage"
"V472","07/22/2024",21.61,"silage "
"H9517","11/08/2024",17.75,"Silage"
"P3832","24 Jun 2024",16.86,"corn silage"
"I2506","01-23-2024",13.4,"silage"
"B984","05-18-2024",22.55,"silge"
"E3229","02-15-2024",20.72,"silage "
"G685","2024-03-29",20.81," hay "
"I5026","2024-03-29",24.87,"silage"
"E5966","09-29-2024",16.47," hay "
"V9643","04 Oct 2024",18.36,"silage"
"H2377","23 Jul 2024",17.57," hay "
"E6182","07 Dec 2024",19.64,"silge"
"R5369","10-07-2024",26.73,"silage "
"G8171","11/11/2024",23.32,"Hay"
"F9953","03 Aug 2024",17.28,"hay"
"B3068","01 May 2024",21.83," silage"
"C7126","04/11/2024",16.75,"corn"
"Q711","09-27-2024",17.12," silage"
"F9953","08/20/2024",21.93,"Hay"
"L4232","05-22-2024",23.18,"Hay"
"N9692","05 Feb 2024",19.06,"Corn"
"B3068","2024-01-25",14.35," silage"
"O194","01-05-2024",21.66," hay "
"Q3500","03-21-2024",21.14,"Silage"
"V3948","20 Feb 2024",22.24,"Silage"
"O7477","2024-12-22",15.34,"hay"
"J7734","2024-09-12",23.48,"silage "
"Y3782","03-28-2024",20.84," hay "
"K9325","15 Mar 2024",15.02,"Hay"
"S5427","05/14/2024",NA,"Silage"
"R3357","09-27-2024",20.35,"silage"
"Y7815","08-05-2024",22.96,"Silage"
"U6809","12-08-2024",15.11,"Hay"
"E9760","2024-09-23",22.82,"Silage"
"Q711","02-17-2024",20.04,"Silage"
"M4054","10-07-2024",20.95,"Corn"
"V9643","05-17-2024",17.71," silage"
"B3068","2024-10-10",18.9,"Hay"
"Y7815","05-13-2024",19.25,"silge"
"Q711","2024-01-12",17.96,"Corn"
"Y6643","05/26/2024",19.49,"corn"
"I1385","23 Aug 2024",19.31,"hay"
"E5966","09-20-2024",18.26,"Silage"
"Y4092","2024-02-24",20.4,"Corn"
"Z7830","12/13/2024",24.62,"Hay"
"D9038","04/18/2024",19.52,"silage"
"L9829","30 Oct 2024",14.63," silage"
"L4232","09/10/2024",18.6,"Hay"
"Y9266","2024-11-28",22.63,"silage"
"C4705","08/24/2024",15.97,"silage "
"U1955","06-29-2024",17.19,"silage "
"Q3500","12-23-2024",14.64,"silage "
"A7863","12-04-2024",22.76,"Hay"
"T4649","31 Jan 2024",19.04,"silge"
"R5369","2024-07-21",24.19," silage"
"G150","04-17-2024",24.33,"Hay"
"Y6643","07/21/2024",20.61,"Corn"
"Y9266","06-05-2024",19.24,"hay"
"U5357","02 Feb 2024",19.48," silage"
"H2377","03 Jun 2024",21.56,"silage "
"Q9174","01 Jun 2024",23.15,"corn"
"M2207","11/23/2024",NA,"Corn"
"G685","12/13/2024",24.68,"Silage"
"U1955","02-25-2024",22.9,"Silage"
"G2757","22 Oct 2024",19.85,"hay"
"H9517","03 Mar 2024",15.28,"Corn"
"D8719","2024-12-29",19.03,"corn silage"
"P6677","03-12-2024",15.68,"silge"
"F2131","09/22/2024",NA,"corn"
"M4054","01-15-2024",21.79,"Corn"
"M1583","24 Oct 2024",NA," hay "
"Y9266","05/31/2024",20.92,"Hay"
"T5602","04-13-2024",20.06,"silage "
"R5369","12/13/2024",18.92," hay "
"V9643","09 Feb 2024",17.37,"silge"
"S5427","2024-12-31",13.11,"hay"
"G8171","05/25/2024",20.07,"silage "
"J9639","2024-03-15",20.16," silage"
"D9038","09 May 2024",31.56,"silge"
"G685","07 May 2024",25.01,"silage"
"N9197","05-26-2024",21.89," silage"
"E5966","08/27/2024",17.55," hay "
"O7477","07/12/2024",16.12,"silage"
"V3979","04/30/2024",22.1,"silage "
"O8173","10/23/2024",17.02,"corn"
"G150","2024-08-02",22.56," silage"
"Y9266","09-17-2024",21," silage"
"Y4092","01 May 2024",17.96," silage"
"E3229","09/18/2024",NA," hay "
"V472","2024-04-23",20.54,"Corn"
"Y7815","2024-07-27",18.4,"hay"
"V3979","2024-10-09",20.17,"hay"
"K9325","2024-05-19",18.5,"Silage"
"K3463","2024-04-07",24.41,"silge"
"E3229","2024-05-09",20.68,"corn silage"
"I5026","12-01-2024",19.15,"silage "
"S5427","05/22/2024",18.97,"Hay"
"N9692","03/01/2024",17.22,"silage "
"V7756","04/26/2024",24.46,"Corn"
"J7734","31 May 2024",19.11,"silage "
"C4705","16 Oct 2024",20.59,"corn"
"N9692","10-25-2024",21.16,"hay"
"Y9266","2024-06-16",18.35,"silage "
"Y4775","28 Feb 2024",19.56,"corn silage"
"Z7830","30 Jan 2024",27.25,"silage "
"V3948","05-23-2024",18.55,"corn"
"V3948","08 Nov 2024",18.74,"corn"
"I7447","2024-03-04",23.84,"corn"
"G685","06/23/2024",15.97," hay "
"V472","07/23/2024",20.23,"corn"
"J7734","12/12/2024",23.05,"silge"
"L9829","28 Jul 2024",21.41,"Corn"
"G1028","2024-04-20",22.54,"Silage"
"O194","2024-10-26",18.09,"corn silage"
"Q9174","2024-04-26",22.7,"corn silage"
"P3832","2024-09-09",22.9,"hay"
"I5026","08/14/2024",13.81," silage"
"U1955","2024-11-09",22.01," silage"
"S6386","09/10/2024",18.96,"corn"
"U5357","09 Feb 2024",18.92,"silage "
"K9325","08/07/2024",20.29,"silage"
"S9300","13 Nov 2024",19.27," hay "
"I7447","07-28-2024",21.54,"hay"
"K3463","04-13-2024",24.88,"corn silage"
"O7477","10-04-2024",21.05,"hay"
"F9953","2024-09-08",15.79,"silage"
"G8171","2024-12-11",22.71," silage"
"V3948","2024-06-14",20.54,"silage"
"F9953","10-18-2024",27.76,"hay"
"Z4043","2024-01-15",17.16," hay "
"Y7815","06/25/2024",20.29,"silage "
"Z7830","03 Jun 2024",21.56,"silage "
"F2131","03/12/2024",21.78,"corn"
"J6077","11/08/2024",NA,"Corn"
"K9325","26 Mar 2024",17.53,"corn silage"
"C4705","2024-12-28",23.83," silage"
"Q3500","05-21-2024",16.81,"silge"
"L4232","08-23-2024",20.32,"silage"
"Y7815","03-12-2024",21.6,"silge"
"E3229","15 Sep 2024",22.13,"silage "
"J6910","2024-03-04",26.44,"silage "
"T4649","06-18-2024",14.27,"hay"
"U8535","2024-01-19",18.98,"Silage"
"S9300","06/07/2024",13.8," hay "
"R4684","20 Jun 2024",16.99,"corn silage"
"J6910","04/30/2024",NA,"silage "
"Y4775","2024-04-18",14.18,"Silage"
"S6386","02 Jun 2024",22.37,"silage "
"Y3782","06/05/2024",16.61,"corn"
"M2207","2024-10-21",21.72,"silage "
"B984","03 Jul 2024",17.2,"silage "
"I5026","07 Sep 2024",18.77,"silage"
"N7280","01-04-2024",20.47,"corn silage"
"Q9174","01/10/2024",18.27,"silge"
"M4054","2024-07-26",21.61," hay "
"U5357","07/26/2024",21.71,"Silage"
"Y4775","2024-02-04",19.3,"Hay"
"I5026","24 Apr 2024",14.09,"corn"
"Q9174","01/30/2024",20.66," silage"
"C4705","2024-10-03",14.89,"Corn"
"Y3782","07 Feb 2024",23.38,"Hay"
"M4054","04 May 2024",20.84,"silage"
"J6910","2024-09-09",22.49,"Hay"
"Y6643","26 Aug 2024",21.58,"Silage"
"J9639","02/15/2024",19.98," hay "
"F9953","05 Feb 2024",19.39,"hay"
"M4054","2024-09-22",18.43," silage"
"U5357","10-19-2024",18.21,"hay"
"V9643","2024-06-20",17.74,"Corn"
"I8517","07/14/2024",24.23,"Hay"
"J6077","20 Dec 2024",18.08,"Hay"
"S6097","05-14-2024",20.48,"corn silage"
"B3068","01-11-2024",NA,"silge"
"E6182","04/27/2024",13.27,"corn"
"E5966","08-26-2024",17.53,"Corn"
"K3463","2024-12-26",17.01,"hay"
"Y4775","09/25/2024",20.88,"hay"
"T5602","12-08-2024",19.29,"corn"
"U1955","10-22-2024",19.26," silage"
"W8010","06 Jan 2024",20.95,"silge"
"I5026","01-05-2024",18.78,"silage"
"R4684","12-22-2024",18.78,"Silage"
"G1028","06-24-2024",21.94,"Corn"
"D9038","2024-07-06",15.22,"Corn"
"R5369","2024-07-11",21.18,"corn silage"
"J6910","2024-09-22",17.3,"silage"
"O8173","09 May 2024",16.61,"hay"
"T4649","12/20/2024",20.02,"silage"
"D8719","12/30/2024",23.42," silage"
"V472","18 Aug 2024",22.12," silage"
"H985","08-07-2024",16.98,"corn silage"
"J6910","07-16-2024",23.62,"Hay"
"Q9174","03-01-2024",19.67,"silage"
"Q711","09-27-2024",21.64,"Silage"
"F5883","07/03/2024",NA,"Corn"
"O8173","01 Nov 2024",19.51,"Corn"
"R5369","14 Mar 2024",16.98," silage"
"B984","07-22-2024",21.93,"corn"
"O6552","2024-05-15",18.85,"corn"
"T5602","05/15/2024",14.05," hay "
"W8010","14 Apr 2024",21.18,"silage"
"W8010","05/11/2024",20.36,"silage"
"I7447","2024-04-25",17.78,"corn silage"
"R3357","09/27/2024",22.28,"silage"
"U6809","02 Dec 2024",15.71,"Silage"
"Z3123","08/06/2024",17.47," silage"
"S6097","06-10-2024",20.93,"silage "
"S9300","06/03/2024",16.87,"corn silage"
"S5427","01/13/2024",19.44,"silage"
"O8173","01/25/2024",15.27,"silage"
"E9760","06/29/2024",23.57,"corn silage"
"K4714","29 Jun 2024",25.34,"silge"
"N7280","04/27/2024",23.17,"corn silage"
"O7477","08 Oct 2024",24.33,"silge"
"K4714","10/27/2024",18.23,"hay"
"I7447","05/17/2024",24.24,"corn silage"
"P3832","09-17-2024",21.34,"corn silage"
"V7756","09/18/2024",16.37,"silge"
"V3948","2024-05-28",19.03,"Hay"
"Y4092","21 Mar 2024",24.95," silage"
"I2506","2024-10-08",21.11,"Corn"
"E6182","2024-12-22",20.24,"silage"
"T5602","12-28-2024",23.2,"Hay"
"N7280","16 Dec 2024",16.06,"Corn"
"D8719","2024-08-27",NA,"Silage"
"V3948","2024-11-27",17.42,"corn silage"
"O6552","10-25-2024",14.65,"Corn"
"U5357","06 Oct 2024",20.69,"Hay"
"H985","2024-07-18",23.79," silage"
"L9829","03/05/2024",17.86,"silge"
"M2207","2024-11-13",15.49," silage"
"Y3782","14 Mar 2024",21.88,"Hay"
"V472","04 Jun 2024",17.36,"silage"
"M4054","2024-02-21",18.36,"Corn"
"Y4092","05-30-2024",21.83,"corn silage"
"Y9266","27 Sep 2024",22.04,"silage "
"L4232","06/15/2024",19.05," hay "
"S6386","08 Aug 2024",23.76,"corn"
"M2207","2024-11-06",18.8," silage"
"M2207","26 Mar 2024",22.44,"silage"
"F9953","16 Dec 2024",20.24,"Corn"
"U8535","07-22-2024",23.65,"silage"
"N9197","2024-10-02",22.86,"Silage"
"N9692","13 Mar 2024",20.43,"corn"
"M1583","06/04/2024",19.15," silage"
"K4714","2024-09-15",23.14,"silge"
"S9300","27 Oct 2024",19.37,"Corn"
"N9692","12 Nov 2024",21.79,"Hay"
"H9517","02-29-2024",15.26,"silage "
"Z4043","08-28-2024",21.17,"Silage"
"Y7815","09-07-2024",17.31,"hay"
"J9639","07/20/2024",22.43,"Corn"
"V472","17 Sep 2024",25.1,"Silage"
"P6677","12 Jan 2024",15.36,"silge"
"J6910","12 May 2024",23.07,"corn"
"Z4043","09 Dec 2024",19.25,"silage"
"T4649","02 Mar 2024",16.11,"silage"
"E5966","08 Mar 2024",20.41,"Hay"
"J6910","05/03/2024",21.87,"hay"
"K4714","12/19/2024",16.96,"Corn"
"O8173","04-05-2024",19.51,"Hay"
"G2757","11 Jul 2024",22.9,"silage "
"G2757","03-23-2024",21.04," silage"
"Q711","02/08/2024",20.5,"silage "
"S5427","29 Jan 2024",16.26,"corn"
"S6097","01-05-2024",17.05,"silge"
"G685","26 Jan 2024",21.32," silage"
"H2377","2024-10-10",18.13,"corn"
"I1385","2024-10-29",13.1,"silage"
"E3229","03/10/2024",21.61,"Hay"
"P6677","2024-08-05",25.86,"Corn"
"G2757","07 Aug 2024",23.7,"silge"
"F5883","2024-11-21",18.79,"Hay"
"S6097","2024-09-07",16.3," hay "
"U6809","01-04-2024",19.04,"silge"
"E6182","2024-07-10",21.29," silage"
"E5966","01-22-2024",19.73,"Hay"
"S6386","11/30/2024",20.4,"silage "
"C4705","18 Sep 2024",22.58," silage"
"J6910","26 Feb 2024",17.49,"silage "
"Y6643","2024-03-07",20.86,"corn"
"G150","31 Jul 2024",21.55,"silge"
"J6077","2024-03-14",24.95,"Silage"
"Y7815","04-10-2024",11.22,"silage"
"Q711","08/04/2024",18.8,"hay"
"U8535","11 Apr 2024",11.8,"corn silage"
"M4054","2024-04-01",18.63,"Silage"
"J6910","2024-11-16",NA," silage"
"O7477","2024-06-11",18.98," silage"
"Y4775","2024-10-22",19.1," silage"
"Y3782","01/02/2024",22.23,"silage"
"E9760","2024-06-22",17.89,"corn"
"V7756","10/01/2024",23.65,"hay"
"I5026","11 Dec 2024",23.96,"corn"
"Q9174","10/15/2024",20.42,"silage"
"A7863","03/27/2024",21.31,"corn"
"S9300","2024-06-13",26.04,"hay"
"W8010","07-10-2024",21.88,"silage "
"E3229","03 Aug 2024",19.67,"silage"
"G1028","11/12/2024",21.51,"silage"
"Y4775","2024-11-10",21.49," silage"
"J6077","11/15/2024",15.09," silage"
"Z7830","08-11-2024",21.99," hay "
"K4714","09/25/2024",23.44,"silage "
"P6677","03/13/2024",23.56,"silge"
"J7734","09/12/2024",NA,"Silage"
"I7447","2024-09-29",20.6,"corn"
"V9643","2024-12-16",19.77,"corn"
"Z7830","09/09/2024",20.42,"Silage"
"E6182","01-08-2024",21.9," silage"
"K3463","06/13/2024",15.93,"Silage"
"G685","09/24/2024",25.84,"Corn"
"S6386","05 Dec 2024",21.09," hay "
"Y4092","09-17-2024",20.86,"Silage"
"G685","2024-02-26",22.33,"hay"
"T4649","01 Nov 2024",15.18," hay "
"H2377","08/19/2024",19.44,"Hay"
"I7447","06-27-2024",NA,"corn silage"
"Q711","06-11-2024",19.72,"hay"
"F5883","12 May 2024",19.65,"Hay"
"B984","04/17/2024",18.05,"hay"
"D8719","02/06/2024",22.3," silage"
"Y4092","2024-07-01",18.5,"silge"
"O194","06-02-2024",19.85,"silage "
"Y7815","11 Nov 2024",NA,"silge"
"E3229","2024-07-02",13.45,"silage"
"G685","01-31-2024",20.6,"corn"
"G150","2024-11-03",19.5,"silage "
"I8517","09-21-2024",19.31,"silage"
"L9829","2024-06-29",16.48," silage"
"S6097","29 Sep 2024",18.21,"silage"
"O194","26 Dec 2024",13.73,"corn silage"
"V9643","2024-12-27",19.6," hay "
"J9639","12/22/2024",NA,"Hay"
"T4649","11-14-2024",17.31," silage"
"Q3500","2024-04-05",24.63,"Corn"
"W8010","08-25-2024",22.55,"corn silage"
"G1028","06-03-2024",16.32,"Silage"
"Y4092","2024-10-10",19.49,"silge"
"S9300","04-30-2024",22.59,"Silage"
"R3357","2024-08-10",20.29,"corn silage"
"R4684","09-26-2024",15.71,"Silage"
"V9643","05/20/2024",20.44,"corn"
"E9760","29 Oct 2024",18.1,"corn"
"Y4092","26 Sep 2024",16.93,"Hay"
"K9325","08-18-2024",15.3,"Hay"
"G8171","08-10-2024",21.89,"Hay"
"J6077","20 Jul 2024",21.62," silage"
"J9639","12/14/2024",20.63," silage"
"Z7830","01/09/2024",17.25,"Hay"
"K3463","07-23-2024",20.79," silage"
"C7126","03-18-2024",21.04,"Silage"
"J6910","2024-10-30",20.19,"silage"
"T5602","09 Mar 2024",21.96,"silge"
"V4575","03-30-2024",16.71,"silge"
"E6182","07/23/2024",NA,"Hay"
"N9197","11-29-2024",21.16,"Corn"
"S6386","2024-03-11",19.6," hay "
"D8719","11/10/2024",22.99,"corn"
"O194","15 Nov 2024",13.8," silage"
"F5883","02/14/2024",22.49,"Silage"
"K9325","2024-11-08",17.94,"silage"
"Y7815","02/15/2024",18.36,"silage"
"J9639","03-17-2024",21.57," silage"
"U6809","05/05/2024",13.38,"silage "
"S5427","04/26/2024",19.65,"silge"
"Y7815","04/25/2024",NA," silage"
"H985","06-19-2024",19.37,"Hay"
"V9643","05/22/2024",20.17,"Hay"
"M1583","18 Dec 2024",20.13,"hay"
"Y9266","03 Oct 2024",18.39," hay "
"S6386","06-26-2024",15.16,"silage"
"K4714","12/26/2024",25.19,"corn"
"G2757","08/23/2024",18.36,"silage"
"Y4092","12/02/2024",18.49,"silage"
"V4575","2024-07-04",20.87,"Corn"
"F9953","03-01-2024",16.29,"corn"
"O6552","02-02-2024",14.99,"Corn"
"E6182","11-12-2024",NA,"corn silage"
"R4684","2024-09-01",24.03,"silage "
"V3979","12-02-2024",19,"silage "
"G2757","10-10-2024",24.68,"corn"
"T5602","04-11-2024",19.37,"Corn"
"M2207","2024-05-11",22,"Hay"
"K9325","09/22/2024",19.78,"corn"
"H985","2024-06-23",19.26,"corn"
"G2757","02 Jan 2024",21.49,"hay"
"I7447","08-07-2024",19.7,"Corn"
"Z4043","12/03/2024",16.98," silage"
"D8719","10 Feb 2024",17.48," hay "
"T5602","01 Jan 2024",23.13,"Silage"
"P6677","2024-09-23",15.38,"silge"
"K3463","14 Jan 2024",22.15,"Hay"
"B984","01-08-2024",NA,"silage"
"Z7830","09/20/2024",23.62,"silge"
"Q711","07-17-2024",20.01,"Hay"
"T4649","07/09/2024",17.4,"corn silage"
"O8173","03 Mar 2024",19.3,"Silage"
"Q3500","06-26-2024",11.37,"corn silage"
"V472","11/24/2024",17,"corn silage"
"I1385","06-14-2024",20.69," hay "
"Z4043","2024-11-12",20.25,"Corn"
"V9643","07/31/2024",20.54,"Hay"
"J6910","2024-09-22",17.3,"silage"
"M2207","2024-12-05",16.62,"Hay"
